{"AD": [425.145, 171.14], "AE": [556.185, 222.51999999999998], "AF": [590.225, 195.975], "AL": [471.66499999999996, 175.42], "AM": [533.7500000000001, 178.52000000000004], "AO": [465.97, 312.69499999999994], "AR": [262.1600000000002, 388.90499999999986], "AT": [454.56999999999994, 155.12999999999997], "AU-AC": [793.8299999999999, 377.1], "AU-NS": [789.5400000000001, 369.67999999999995], "AU-NT": [755.0200000000002, 331.7], "AU-QL": [785.6299999999999, 335.45500000000004], "AU-SA": [758.78, 367.62], "AU-TS": [786.45, 394.875], "AU-VI": [784.67, 380.115], "AU-WA": [724.225, 347.4599999999996], "AX": [470.9, 112.375], "AZ": [540.185, 178.32], "BA": [465.35, 166.97499999999997], "BD": [647.0549999999997, 223.575], "BE": [432.3349999999999, 146.20499999999998], "BF": [417.3150000000001, 253.45500000000004], "BG": [484.92999999999995, 170.55], "BI": [496.02, 292.855], "BJ": [426.985, 260.9849999999999], "BN": [708.155, 273.32], "BO": [262.26500000000004, 325.64000000000004], "BR-AC": [245.33499999999998, 307.355], "BR-AL": [329.485, 308.63000000000005], "BR-AM": [258.4450000000001, 293.995], "BR-AP": [290.43999999999994, 280.31499999999994], "BR-BA": [316.1600000000002, 318.21500000000015], "BR-CE": [322.8399999999999, 297.755], "BR-ES": [319.33500000000004, 333.94000000000017], "BR-GO": [297.30000000000007, 324.71000000000004], "BR-MA": [308.485, 298.71500000000003], "BR-MG": [307.63499999999976, 331.43500000000006], "BR-MS": [284.8849999999999, 336.72], "BR-MT": [281.375, 316.405], "BR-PA": [289.8499999999999, 293.54999999999995], "BR-PB": [329.29499999999996, 302.32], "BR-PE": [326.2149999999999, 305.3799999999999], "BR-PI": [313.24, 301.6100000000001], "BR-PR": [292.81499999999994, 347.17999999999995], "BR-RJ": [314.11000000000007, 340.07499999999993], "BR-RN": [329.29499999999996, 299.12], "BR-RO": [262.945, 311.565], "BR-RR": [266.775, 279.56000000000006], "BR-RS": [287.13, 362.94000000000005], "BR-SC": [293.225, 355.28000000000003], "BR-SE": [327.76499999999993, 310.87], "BR-SP": [299.80000000000007, 341.635], "BR-TO": [300.525, 307.6049999999999], "BS": [231.60000000000002, 223.6], "BT": [647.3149999999999, 213.815], "BW": [482.67500000000007, 341.28], "BY": [491.105, 135.275], "BZ": [199.585, 241.01500000000001], "CA-AB": [133.7, 131.995], "CA-BC": [105.10499999999995, 133.00000000000003], "CA-MB": [182.39499999999998, 131.995], "CA-NB": [254.91, 158.72500000000002], "CA-NF": [270.66999999999996, 135.65499999999992], "CA-NS": [263.61499999999995, 162.745], "CA-NT": [123.16999999999996, 70.91999999999997], "CA-NU": [193.96500000000012, 72.33500000000001], "CA-ON": [209.28500000000005, 149.085], "CA-PE": [263.09000000000003, 159.035], "CA-QC": [250.28999999999996, 133.345], "CA-SK": [157.01, 131.995], "CA-YT": [89.95499999999998, 93.33500000000002], "CD": [475.6700000000001, 294.625], "CF": [473.31500000000017, 267.66499999999985], "CG": [458.45000000000005, 286.00000000000006], "CH": [441.96500000000003, 158.01500000000004], "CI": [407.42499999999984, 265.53], "CL": [242.76999999999998, 384.35], "CM": [452.145, 265.7700000000001], "CN-AH": [714.3699999999999, 201.45999999999998], "CN-BJ": [712.2950000000001, 178.065], "CN-CQ": [690.5700000000004, 206.47999999999996], "CN-FJ": [716.4250000000001, 217.90000000000003], "CN-GD": [704.6650000000002, 226.17000000000002], "CN-GS": [673.0749999999998, 185.105], "CN-GX": [691.92, 223.5], "CN-GZ": [687.7500000000002, 215.33500000000004], "CN-HA": [695.8050000000001, 235.93999999999997], "CN-HB": [712.8300000000004, 180.56], "CN-HE": [704.9800000000001, 196.295], "CN-HL": [741.2749999999999, 152.17999999999995], "CN-HN": [700.1999999999999, 214.15499999999997], "CN-HU": [701.8900000000001, 203.84500000000003], "CN-JL": [737.49, 167.90499999999997], "CN-JS": [719.135, 198.92999999999998], "CN-JX": [711.33, 214.38500000000002], "CN-LN": [727.0, 175.335], "CN-NM": [700.3950000000002, 161.48499999999996], "CN-NX": [686.5699999999999, 186.505], "CN-QH": [661.8299999999999, 191.55500000000004], "CN-SA": [692.2149999999999, 191.28499999999997], "CN-SC": [678.63, 206.4350000000001], "CN-SD": [718.04, 189.33], "CN-SH": [724.8899999999999, 203.6], "CN-SX": [702.2550000000001, 185.60000000000005], "CN-TJ": [714.655, 180.45], "CN-XJ": [633.7300000000004, 172.735], "CN-XZ": [643.135, 201.63999999999993], "CN-YN": [675.9000000000001, 220.18500000000003], "CN-ZJ": [721.255, 209.14500000000007], "CO": [238.915, 273.93500000000006], "CR": [210.45999999999998, 259.86], "CU": [222.92499999999998, 229.76], "CY": [504.135, 193.10999999999999], "CZ": [460.07000000000005, 148.42999999999998], "DE": [447.4599999999999, 143.83999999999992], "DJ": [527.75, 254.69], "DK": [450.33, 126.91499999999999], "DM": [267.81999999999994, 245.445], "DO": [245.93499999999997, 236.81999999999996], "DZ": [425.36, 211.775], "EC": [212.575, 288.9949999999999], "EE": [483.825, 118.19], "EG": [498.16499999999985, 215.57500000000002], "EH": [390.1, 222.565], "ER": [520.655, 246.13500000000002], "ES": [415.005, 178.89], "ET": [522.3600000000001, 261.44499999999994], "FI": [486.80999999999995, 92.47999999999998], "FK": [272.945, 426.795], "FO": [403.82000000000005, 104.42], "FR": [427.22, 159.39], "GA": [450.375, 286.3449999999999], "GB": [413.2950000000002, 129.665], "GE": [529.605, 171.76], "GF": [288.48, 274.535], "GH": [418.56, 264.46000000000015], "GL-KU": [308.38, 107.75], "GL-QS": [275.1799999999996, 48.91499999999999], "GL-QT": [298.84999999999997, 88.465], "GL-SE": [329.135, 86.25499999999997], "GL-UO": [329.95000000000016, 33.855000000000004], "GM": [382.92999999999995, 250.47000000000003], "GN": [392.985, 259.40500000000003], "GQ": [445.96000000000004, 278.495], "GR": [481.095, 183.47000000000003], "GT": [195.61, 244.56500000000003], "GW": [383.45500000000004, 254.5], "GY": [273.66, 272.475], "HK": [706.5450000000001, 227.32], "HN": [205.43499999999995, 247.87499999999997], "HR": [462.13000000000005, 164.075], "HT": [238.57999999999998, 236.25500000000002], "HU": [470.11, 156.87999999999994], "ID": [716.53, 291.045], "IE": [400.805, 136.40500000000003], "IL": [508.91499999999996, 203.02500000000003], "IM": [409.87, 133.59499999999997], "IN": [628.1700000000001, 229.37], "IQ": [530.3200000000002, 197.97999999999996], "IR": [555.4200000000001, 199.935], "IS": [373.7949999999999, 93.55999999999997], "IT": [452.6249999999999, 172.79500000000002], "JM": [227.99, 238.53], "JO": [514.0500000000002, 203.575], "JP": [764.53, 187.12], "KE": [515.89, 283.99], "KG": [608.1099999999998, 175.04499999999996], "KH": [683.675, 252.94999999999993], "KM": [529.5899999999999, 313.85499999999996], "KP": [740.01, 177.51499999999993], "KR": [740.905, 190.56], "KW": [539.995, 208.95], "KZ": [588.3000000000003, 153.19999999999987], "LA": [681.0150000000001, 238.27999999999997], "LB": [510.94500000000005, 196.40000000000003], "LK": [623.31, 264.62500000000006], "LR": [397.6199999999999, 268.28499999999997], "LS": [491.8399999999999, 360.65999999999997], "LT": [480.92500000000007, 130.37999999999997], "LU": [436.51, 148.42999999999998], "LV": [482.74, 124.33500000000002], "LY": [464.30999999999995, 216.65499999999997], "MA": [398.65999999999997, 210.26999999999992], "MD": [492.49, 157.445], "ME": [469.685, 170.64999999999998], "MG": [538.395, 332.50500000000005], "MK": [475.585, 173.96999999999997], "ML": [411.28499999999997, 239.72000000000003], "MM": [662.9499999999998, 235.08500000000004], "MN": [680.7950000000003, 157.42999999999998], "MR": [393.73, 230.90999999999997], "MW": [507.025, 317.93000000000006], "MX": [166.355, 223.65500000000003], "MY": [695.5649999999998, 274.11], "MZ": [510.09999999999997, 332.01500000000004], "NA": [467.37500000000006, 342.985], "NC": [836.655, 338.51], "NE": [441.405, 239.5999999999999], "NG": [442.855, 261.51], "NI": [207.635, 251.99999999999994], "NL": [434.43, 140.79999999999998], "NO": [466.135, 69.605], "NP": [631.49, 211.44499999999994], "NZ": [852.55, 393.70500000000004], "OM": [561.0549999999998, 229.71999999999997],